car_ID,symboling,CarName,fueltype,aspiration,doornumber,carbody,drivewheel,enginelocation,wheelbase,carlength,carwidth,carheight,curbweight,enginetype,cylindernumber,enginesize,fuelsystem,boreratio,stroke,compressionratio,horsepower,peakrpm,citympg,highwaympg,price
1,1,alfa-romeo giulia,gas,std,two,convertible,rwd,front,88.60,168.80,64.10,48.80,2548.00,dohc,four,130.00,mpfi,3.47,2.68,9.00,111.00,5000.00,21.00,27.00,13495.00
2,1,alfa-romeo stelvio,gas,std,two,convertible,rwd,front,88.60,168.80,64.10,48.80,2548.00,dohc,four,130.00,mpfi,3.47,2.68,9.00,111.00,5000.00,21.00,27.00,16500.00
3,1,alfa-romeo Quadrifoglio,gas,std,two,hatchback,rwd,front,94.50,171.20,65.50,52.40,2823.00,ohcv,six,152.00,mpfi,2.68,3.47,9.00,154.00,5000.00,19.00,26.00,16500.00
4,2,audi 100 ls,gas,std,four,sedan,fwd,front,99.80,176.60,66.20,54.30,2337.00,ohc,four,109.00,mpfi,3.19,3.40,10.00,102.00,5500.00,24.00,30.00,13950.00
5,2,audi 100ls,gas,std,four,sedan,4wd,front,99.40,176.60,66.40,54.30,2824.00,ohc,five,136.00,mpfi,3.19,3.40,8.00,115.00,5500.00,18.00,22.00,17450.00
6,2,audi fox,gas,std,two,sedan,fwd,front,99.80,177.30,66.30,53.10,2507.00,ohc,five,136.00,mpfi,3.19,3.40,8.50,110.00,5500.00,19.00,25.00,15250.00
7,2,audi 100ls,gas,std,four,sedan,fwd,front,105.80,192.70,71.40,55.70,2844.00,ohc,five,136.00,mpfi,3.19,3.40,8.50,110.00,5500.00,19.00,25.00,17710.00
8,2,audi 5000,gas,std,four,wagon,fwd,front,105.80,192.70,71.40,55.70,2954.00,ohc,five,136.00,mpfi,3.19,3.40,8.50,110.00,5500.00,19.00,25.00,18920.00
9,2,audi 4000,gas,turbo,four,sedan,fwd,front,105.80,192.70,71.40,55.90,3086.00,ohc,five,131.00,mpfi,3.13,3.40,8.30,140.00,5500.00,17.00,20.00,23875.00
10,2,audi 5000s (diesel),gas,turbo,two,hatchback,4wd,front,99.50,178.20,67.90,52.00,3053.00,ohc,five,131.00,mpfi,3.13,3.40,7.00,160.00,5500.00,16.00,22.00,17859.17
11,3,bmw 320i,gas,std,two,sedan,rwd,front,101.20,176.80,64.80,54.30,2395.00,ohc,four,108.00,mpfi,3.50,2.80,8.80,101.00,5800.00,23.00,29.00,16430.00
12,3,bmw 320i,gas,std,four,sedan,rwd,front,101.20,176.80,64.80,54.30,2395.00,ohc,four,108.00,mpfi,3.50,2.80,8.80,101.00,5800.00,23.00,29.00,16925.00
13,3,bmw x1,gas,std,two,sedan,rwd,front,101.20,176.80,64.80,54.30,2710.00,ohc,six,164.00,mpfi,3.31,3.19,9.00,121.00,4250.00,21.00,28.00,20970.00
14,3,bmw x3,gas,std,four,sedan,rwd,front,101.20,176.80,64.80,54.30,2765.00,ohc,six,164.00,mpfi,3.31,3.19,9.00,121.00,4250.00,21.00,28.00,21105.00
15,3,bmw z4,gas,std,four,sedan,rwd,front,103.50,189.00,66.90,55.70,3055.00,ohc,six,164.00,mpfi,3.31,3.19,9.00,121.00,4250.00,20.00,25.00,24565.00
16,3,bmw x4,gas,std,four,sedan,rwd,front,103.50,189.00,66.90,55.70,3230.00,ohc,six,209.00,mpfi,3.62,3.39,8.00,182.00,5400.00,16.00,22.00,30760.00
17,3,bmw x5,gas,std,two,sedan,rwd,front,103.50,193.80,67.90,53.70,3380.00,ohc,six,209.00,mpfi,3.62,3.39,8.00,182.00,5400.00,16.00,22.00,41315.00
18,3,bmw x3,gas,std,four,sedan,rwd,front,110.00,197.00,70.90,56.30,3505.00,ohc,six,209.00,mpfi,3.62,3.39,8.00,182.00,5400.00,15.00,20.00,36880.00
19,4,chevrolet impala,gas,std,two,hatchback,fwd,front,88.40,141.10,60.30,53.20,1488.00,l,three,61.00,2bbl,2.91,3.03,9.50,48.00,5100.00,47.00,53.00,5151.00
20,4,chevrolet monte carlo,gas,std,two,hatchback,fwd,front,94.50,155.90,63.60,52.00,1874.00,ohc,four,90.00,2bbl,3.03,3.11,9.60,70.00,5400.00,38.00,43.00,6295.00
21,4,chevrolet vega 2300,gas,std,four,sedan,fwd,front,94.50,158.80,63.60,52.00,1909.00,ohc,four,90.00,2bbl,3.03,3.11,9.60,70.00,5400.00,38.00,43.00,6575.00
22,5,dodge rampage,gas,std,two,hatchback,fwd,front,93.70,157.30,63.80,50.80,1876.00,ohc,four,90.00,2bbl,2.97,3.23,9.41,68.00,5500.00,37.00,41.00,5572.00
23,5,dodge challenger se,gas,std,two,hatchback,fwd,front,93.70,157.30,63.80,50.80,1876.00,ohc,four,90.00,2bbl,2.97,3.23,9.40,68.00,5500.00,31.00,38.00,6377.00
24,5,dodge d200,gas,turbo,two,hatchback,fwd,front,93.70,157.30,63.80,50.80,2128.00,ohc,four,98.00,mpfi,3.03,3.39,7.60,102.00,5500.00,24.00,30.00,7957.00
25,5,dodge monaco (sw),gas,std,four,hatchback,fwd,front,93.70,157.30,63.80,50.60,1967.00,ohc,four,90.00,2bbl,2.97,3.23,9.40,68.00,5500.00,31.00,38.00,6229.00
26,5,dodge colt hardtop,gas,std,four,sedan,fwd,front,93.70,157.30,63.80,50.60,1989.00,ohc,four,90.00,2bbl,2.97,3.23,9.40,68.00,5500.00,31.00,38.00,6692.00
27,5,dodge colt (sw),gas,std,four,sedan,fwd,front,93.70,157.30,63.80,50.60,1989.00,ohc,four,90.00,2bbl,2.97,3.23,9.40,68.00,5500.00,31.00,38.00,7609.00
28,5,dodge coronet custom,gas,turbo,two,sedan,fwd,front,93.70,157.30,63.80,50.60,2191.00,ohc,four,98.00,mpfi,3.03,3.39,7.60,102.00,5500.00,24.00,30.00,8558.00
29,5,dodge dart custom,gas,std,four,wagon,fwd,front,103.30,174.60,64.60,59.80,2535.00,ohc,four,122.00,2bbl,3.34,3.46,8.50,88.00,5000.00,24.00,30.00,8921.00
30,5,dodge coronet custom (sw),gas,turbo,two,hatchback,fwd,front,95.90,173.20,66.30,50.20,2811.00,ohc,four,156.00,mfi,3.60,3.90,7.00,145.00,5000.00,19.00,24.00,12964.00
31,6,honda civic,gas,std,two,hatchback,fwd,front,86.60,144.60,63.90,50.80,1713.00,ohc,four,92.00,1bbl,2.91,3.41,9.60,58.00,4800.00,49.00,54.00,6479.00
32,6,honda civic cvcc,gas,std,two,hatchback,fwd,front,86.60,144.60,63.90,50.80,1819.00,ohc,four,92.00,1bbl,2.91,3.41,9.20,76.00,6000.00,31.00,38.00,6855.00
33,6,honda civic,gas,std,two,hatchback,fwd,front,93.70,150.00,64.00,52.60,1837.00,ohc,four,79.00,1bbl,2.91,3.07,10.10,60.00,5500.00,38.00,42.00,5399.00
34,6,honda accord cvcc,gas,std,two,hatchback,fwd,front,93.70,150.00,64.00,52.60,1940.00,ohc,four,92.00,1bbl,2.91,3.41,9.20,76.00,6000.00,30.00,34.00,6529.00
35,6,honda civic cvcc,gas,std,two,hatchback,fwd,front,93.70,150.00,64.00,52.60,1956.00,ohc,four,92.00,1bbl,2.91,3.41,9.20,76.00,6000.00,30.00,34.00,7129.00
36,6,honda accord lx,gas,std,four,sedan,fwd,front,96.50,163.40,64.00,54.50,2010.00,ohc,four,92.00,1bbl,2.91,3.41,9.20,76.00,6000.00,30.00,34.00,7295.00
37,6,honda civic 1500 gl,gas,std,four,wagon,fwd,front,96.50,157.10,63.90,58.30,2024.00,ohc,four,92.00,1bbl,2.92,3.41,9.20,76.00,6000.00,30.00,34.00,7295.00
38,6,honda accord,gas,std,two,hatchback,fwd,front,96.50,167.50,65.20,53.30,2236.00,ohc,four,110.00,1bbl,3.15,3.58,9.00,86.00,5800.00,27.00,33.00,7895.00
39,6,honda civic 1300,gas,std,two,hatchback,fwd,front,96.50,167.50,65.20,53.30,2289.00,ohc,four,110.00,1bbl,3.15,3.58,9.00,86.00,5800.00,27.00,33.00,9095.00
40,6,honda prelude,gas,std,four,sedan,fwd,front,96.50,175.40,65.20,54.10,2304.00,ohc,four,110.00,1bbl,3.15,3.58,9.00,86.00,5800.00,27.00,33.00,8845.00
41,6,honda accord,gas,std,four,sedan,fwd,front,96.50,175.40,62.50,54.10,2372.00,ohc,four,110.00,1bbl,3.15,3.58,9.00,86.00,5800.00,27.00,33.00,10295.00
42,6,honda civic,gas,std,four,sedan,fwd,front,96.50,175.40,65.20,54.10,2465.00,ohc,four,110.00,mpfi,3.15,3.58,9.00,101.00,5800.00,24.00,28.00,12945.00
43,6,honda civic (auto),gas,std,two,sedan,fwd,front,96.50,169.10,66.00,51.00,2293.00,ohc,four,110.00,2bbl,3.15,3.58,9.10,100.00,5500.00,25.00,31.00,10345.00
44,7,isuzu MU-X,gas,std,four,sedan,rwd,front,94.30,170.70,61.80,53.50,2337.00,ohc,four,111.00,2bbl,3.31,3.23,8.50,78.00,4800.00,24.00,29.00,6785.00
45,7,isuzu D-Max ,gas,std,two,sedan,fwd,front,94.50,155.90,63.60,52.00,1874.00,ohc,four,90.00,2bbl,3.03,3.11,9.60,70.00,5400.00,38.00,43.00,8916.50
46,7,isuzu D-Max V-Cross,gas,std,four,sedan,fwd,front,94.50,155.90,63.60,52.00,1909.00,ohc,four,90.00,2bbl,3.03,3.11,9.60,70.00,5400.00,38.00,43.00,8916.50
47,7,isuzu D-Max ,gas,std,two,hatchback,rwd,front,96.00,172.60,65.20,51.40,2734.00,ohc,four,119.00,spfi,3.43,3.23,9.20,90.00,5000.00,24.00,29.00,11048.00
48,8,jaguar xj,gas,std,four,sedan,rwd,front,113.00,199.60,69.60,52.80,4066.00,dohc,six,258.00,mpfi,3.63,4.17,8.10,176.00,4750.00,15.00,19.00,32250.00
49,8,jaguar xf,gas,std,four,sedan,rwd,front,113.00,199.60,69.60,52.80,4066.00,dohc,six,258.00,mpfi,3.63,4.17,8.10,176.00,4750.00,15.00,19.00,35550.00
50,8,jaguar xk,gas,std,two,sedan,rwd,front,102.00,191.70,70.60,47.80,3950.00,ohcv,twelve,326.00,mpfi,3.54,2.76,11.50,262.00,5000.00,13.00,17.00,36000.00
51,9,maxda rx3,gas,std,two,hatchback,fwd,front,93.10,159.10,64.20,54.10,1890.00,ohc,four,91.00,2bbl,3.03,3.15,9.00,68.00,5000.00,30.00,31.00,5195.00
52,9,maxda glc deluxe,gas,std,two,hatchback,fwd,front,93.10,159.10,64.20,54.10,1900.00,ohc,four,91.00,2bbl,3.03,3.15,9.00,68.00,5000.00,31.00,38.00,6095.00
53,9,mazda rx2 coupe,gas,std,two,hatchback,fwd,front,93.10,159.10,64.20,54.10,1905.00,ohc,four,91.00,2bbl,3.03,3.15,9.00,68.00,5000.00,31.00,38.00,6795.00
54,9,mazda rx-4,gas,std,four,sedan,fwd,front,93.10,166.80,64.20,54.10,1945.00,ohc,four,91.00,2bbl,3.03,3.15,9.00,68.00,5000.00,31.00,38.00,6695.00
55,9,mazda glc deluxe,gas,std,four,sedan,fwd,front,93.10,166.80,64.20,54.10,1950.00,ohc,four,91.00,2bbl,3.08,3.15,9.00,68.00,5000.00,31.00,38.00,7395.00
56,9,mazda 626,gas,std,two,hatchback,rwd,front,95.30,169.00,65.70,49.60,2380.00,rotor,two,70.00,4bbl,3.33,3.26,9.40,101.00,6000.00,17.00,23.00,10945.00
57,9,mazda glc,gas,std,two,hatchback,rwd,front,95.30,169.00,65.70,49.60,2380.00,rotor,two,70.00,4bbl,3.33,3.26,9.40,101.00,6000.00,17.00,23.00,11845.00
58,9,mazda rx-7 gs,gas,std,two,hatchback,rwd,front,95.30,169.00,65.70,49.60,2385.00,rotor,two,70.00,4bbl,3.33,3.26,9.40,101.00,6000.00,17.00,23.00,13645.00
59,9,mazda glc 4,gas,std,two,hatchback,rwd,front,95.30,169.00,65.70,49.60,2500.00,rotor,two,80.00,mpfi,3.33,3.26,9.40,135.00,6000.00,16.00,23.00,15645.00
60,9,mazda 626,gas,std,two,hatchback,fwd,front,98.80,177.80,66.50,53.70,2385.00,ohc,four,122.00,2bbl,3.39,3.39,8.60,84.00,4800.00,26.00,32.00,8845.00
61,9,mazda glc custom l,gas,std,four,sedan,fwd,front,98.80,177.80,66.50,55.50,2410.00,ohc,four,122.00,2bbl,3.39,3.39,8.60,84.00,4800.00,26.00,32.00,8495.00
62,9,mazda glc custom,gas,std,two,hatchback,fwd,front,98.80,177.80,66.50,53.70,2385.00,ohc,four,122.00,2bbl,3.39,3.39,8.60,84.00,4800.00,26.00,32.00,10595.00
63,9,mazda rx-4,gas,std,four,sedan,fwd,front,98.80,177.80,66.50,55.50,2410.00,ohc,four,122.00,2bbl,3.39,3.39,8.60,84.00,4800.00,26.00,32.00,10245.00
64,9,mazda glc deluxe,diesel,std,four,sedan,fwd,front,98.80,177.80,66.50,55.50,2443.00,ohc,four,122.00,idi,3.39,3.39,22.70,64.00,4650.00,36.00,42.00,10795.00
65,9,mazda 626,gas,std,four,hatchback,fwd,front,98.80,177.80,66.50,55.50,2425.00,ohc,four,122.00,2bbl,3.39,3.39,8.60,84.00,4800.00,26.00,32.00,11245.00
66,9,mazda glc,gas,std,four,sedan,rwd,front,104.90,175.00,66.10,54.40,2670.00,ohc,four,140.00,mpfi,3.76,3.16,8.00,120.00,5000.00,19.00,27.00,18280.00
67,9,mazda rx-7 gs,diesel,std,four,sedan,rwd,front,104.90,175.00,66.10,54.40,2700.00,ohc,four,134.00,idi,3.43,3.64,22.00,72.00,4200.00,31.00,39.00,18344.00
68,10,buick electra 225 custom,diesel,turbo,four,sedan,rwd,front,110.00,190.90,70.30,56.50,3515.00,ohc,five,183.00,idi,3.58,3.64,21.50,123.00,4350.00,22.00,25.00,25552.00
69,10,buick century luxus (sw),diesel,turbo,four,wagon,rwd,front,110.00,190.90,70.30,58.70,3750.00,ohc,five,183.00,idi,3.58,3.64,21.50,123.00,4350.00,22.00,25.00,28248.00
70,10,buick century,diesel,turbo,two,hardtop,rwd,front,106.70,187.50,70.30,54.90,3495.00,ohc,five,183.00,idi,3.58,3.64,21.50,123.00,4350.00,22.00,25.00,28176.00
71,10,buick skyhawk,diesel,turbo,four,sedan,rwd,front,115.60,202.60,71.70,56.30,3770.00,ohc,five,183.00,idi,3.58,3.64,21.50,123.00,4350.00,22.00,25.00,31600.00
72,10,buick opel isuzu deluxe,gas,std,four,sedan,rwd,front,115.60,202.60,71.70,56.50,3740.00,ohcv,eight,234.00,mpfi,3.46,3.10,8.30,155.00,4750.00,16.00,18.00,34184.00
73,10,buick skylark,gas,std,two,convertible,rwd,front,96.60,180.30,70.50,50.80,3685.00,ohcv,eight,234.00,mpfi,3.46,3.10,8.30,155.00,4750.00,16.00,18.00,35056.00
74,10,buick century special,gas,std,four,sedan,rwd,front,120.90,208.10,71.70,56.70,3900.00,ohcv,eight,308.00,mpfi,3.80,3.35,8.00,184.00,4500.00,14.00,16.00,40960.00
75,10,buick regal sport coupe (turbo),gas,std,two,hardtop,rwd,front,112.00,199.20,72.00,55.40,3715.00,ohcv,eight,304.00,mpfi,3.80,3.35,8.00,184.00,4500.00,14.00,16.00,45400.00
76,11,mercury cougar,gas,turbo,two,hatchback,rwd,front,102.70,178.40,68.00,54.80,2910.00,ohc,four,140.00,mpfi,3.78,3.12,8.00,175.00,5000.00,19.00,24.00,16503.00
77,12,mitsubishi mirage,gas,std,two,hatchback,fwd,front,93.70,157.30,64.40,50.80,1918.00,ohc,four,92.00,2bbl,2.97,3.23,9.40,68.00,5500.00,37.00,41.00,5389.00
78,12,mitsubishi lancer,gas,std,two,hatchback,fwd,front,93.70,157.30,64.40,50.80,1944.00,ohc,four,92.00,2bbl,2.97,3.23,9.40,68.00,5500.00,31.00,38.00,6189.00
79,12,mitsubishi outlander,gas,std,two,hatchback,fwd,front,93.70,157.30,64.40,50.80,2004.00,ohc,four,92.00,2bbl,2.97,3.23,9.40,68.00,5500.00,31.00,38.00,6669.00
80,12,mitsubishi g4,gas,turbo,two,hatchback,fwd,front,93.00,157.30,63.80,50.80,2145.00,ohc,four,98.00,spdi,3.03,3.39,7.60,102.00,5500.00,24.00,30.00,7689.00
81,12,mitsubishi mirage g4,gas,turbo,two,hatchback,fwd,front,96.30,173.00,65.40,49.40,2370.00,ohc,four,110.00,spdi,3.17,3.46,7.50,116.00,5500.00,23.00,30.00,9959.00
82,12,mitsubishi g4,gas,std,two,hatchback,fwd,front,96.30,173.00,65.40,49.40,2328.00,ohc,four,122.00,2bbl,3.35,3.46,8.50,88.00,5000.00,25.00,32.00,8499.00
83,12,mitsubishi outlander,gas,turbo,two,hatchback,fwd,front,95.90,173.20,66.30,50.20,2833.00,ohc,four,156.00,spdi,3.58,3.86,7.00,145.00,5000.00,19.00,24.00,12629.00
84,12,mitsubishi g4,gas,turbo,two,hatchback,fwd,front,95.90,173.20,66.30,50.20,2921.00,ohc,four,156.00,spdi,3.59,3.86,7.00,145.00,5000.00,19.00,24.00,14869.00
85,12,mitsubishi mirage g4,gas,turbo,two,hatchback,fwd,front,95.90,173.20,66.30,50.20,2926.00,ohc,four,156.00,spdi,3.59,3.86,7.00,145.00,5000.00,19.00,24.00,14489.00
86,12,mitsubishi montero,gas,std,four,sedan,fwd,front,96.30,172.40,65.40,51.60,2365.00,ohc,four,122.00,2bbl,3.35,3.46,8.50,88.00,5000.00,25.00,32.00,6989.00
87,12,mitsubishi pajero,gas,std,four,sedan,fwd,front,96.30,172.40,65.40,51.60,2405.00,ohc,four,122.00,2bbl,3.35,3.46,8.50,88.00,5000.00,25.00,32.00,8189.00
88,12,mitsubishi outlander,gas,turbo,four,sedan,fwd,front,96.30,172.40,65.40,51.60,2403.00,ohc,four,110.00,spdi,3.17,3.46,7.50,116.00,5500.00,23.00,30.00,9279.00
89,12,mitsubishi mirage g4,gas,std,four,sedan,fwd,front,96.30,172.40,65.40,51.60,2403.00,ohc,four,110.00,spdi,3.17,3.46,7.50,116.00,5500.00,23.00,30.00,9279.00
90,13,Nissan versa,gas,std,two,sedan,fwd,front,94.50,165.30,63.80,54.50,1889.00,ohc,four,97.00,2bbl,3.15,3.29,9.40,69.00,5200.00,31.00,37.00,5499.00
91,13,nissan gt-r,diesel,std,two,sedan,fwd,front,94.50,165.30,63.80,54.50,2017.00,ohc,four,103.00,idi,2.99,3.47,21.90,55.00,4800.00,45.00,50.00,7099.00
92,13,nissan rogue,gas,std,two,sedan,fwd,front,94.50,165.30,63.80,54.50,1918.00,ohc,four,97.00,2bbl,3.15,3.29,9.40,69.00,5200.00,31.00,37.00,6649.00
93,13,nissan latio,gas,std,four,sedan,fwd,front,94.50,165.30,63.80,54.50,1938.00,ohc,four,97.00,2bbl,3.15,3.29,9.40,69.00,5200.00,31.00,37.00,6849.00
94,13,nissan titan,gas,std,four,wagon,fwd,front,94.50,170.20,63.80,53.50,2024.00,ohc,four,97.00,2bbl,3.15,3.29,9.40,69.00,5200.00,31.00,37.00,7349.00
95,13,nissan leaf,gas,std,two,sedan,fwd,front,94.50,165.30,63.80,54.50,1951.00,ohc,four,97.00,2bbl,3.15,3.29,9.40,69.00,5200.00,31.00,37.00,7299.00
96,13,nissan juke,gas,std,two,hatchback,fwd,front,94.50,165.60,63.80,53.30,2028.00,ohc,four,97.00,2bbl,3.15,3.29,9.40,69.00,5200.00,31.00,37.00,7799.00
97,13,nissan latio,gas,std,four,sedan,fwd,front,94.50,165.30,63.80,54.50,1971.00,ohc,four,97.00,2bbl,3.15,3.29,9.40,69.00,5200.00,31.00,37.00,7499.00
98,13,nissan note,gas,std,four,wagon,fwd,front,94.50,170.20,63.80,53.50,2037.00,ohc,four,97.00,2bbl,3.15,3.29,9.40,69.00,5200.00,31.00,37.00,7999.00
99,13,nissan clipper,gas,std,two,hardtop,fwd,front,95.10,162.40,63.80,53.30,2008.00,ohc,four,97.00,2bbl,3.15,3.29,9.40,69.00,5200.00,31.00,37.00,8249.00
100,13,nissan rogue,gas,std,four,hatchback,fwd,front,97.20,173.40,65.20,54.70,2324.00,ohc,four,120.00,2bbl,3.33,3.47,8.50,97.00,5200.00,27.00,34.00,8949.00
101,13,nissan nv200,gas,std,four,sedan,fwd,front,97.20,173.40,65.20,54.70,2302.00,ohc,four,120.00,2bbl,3.33,3.47,8.50,97.00,5200.00,27.00,34.00,9549.00
102,13,nissan dayz,gas,std,four,sedan,fwd,front,100.40,181.70,66.50,55.10,3095.00,ohcv,six,181.00,mpfi,3.43,3.27,9.00,152.00,5200.00,17.00,22.00,13499.00
103,13,nissan fuga,gas,std,four,wagon,fwd,front,100.40,184.60,66.50,56.10,3296.00,ohcv,six,181.00,mpfi,3.43,3.27,9.00,152.00,5200.00,17.00,22.00,14399.00
104,13,nissan otti,gas,std,four,sedan,fwd,front,100.40,184.60,66.50,55.10,3060.00,ohcv,six,181.00,mpfi,3.43,3.27,9.00,152.00,5200.00,19.00,25.00,13499.00
105,13,nissan teana,gas,std,two,hatchback,rwd,front,91.30,170.70,67.90,49.70,3071.00,ohcv,six,181.00,mpfi,3.43,3.27,9.00,160.00,5200.00,19.00,25.00,17199.00
106,13,nissan kicks,gas,turbo,two,hatchback,rwd,front,91.30,170.70,67.90,49.70,3139.00,ohcv,six,181.00,mpfi,3.43,3.27,7.80,200.00,5200.00,17.00,23.00,19699.00
107,13,nissan clipper,gas,std,two,hatchback,rwd,front,99.20,178.50,67.90,49.70,3139.00,ohcv,six,181.00,mpfi,3.43,3.27,9.00,160.00,5200.00,19.00,25.00,18399.00
108,14,peugeot 504,gas,std,four,sedan,rwd,front,107.90,186.70,68.40,56.70,3020.00,l,four,120.00,mpfi,3.46,3.19,8.40,97.00,5000.00,19.00,24.00,11900.00
109,14,peugeot 304,diesel,turbo,four,sedan,rwd,front,107.90,186.70,68.40,56.70,3197.00,l,four,152.00,idi,3.70,3.52,21.00,95.00,4150.00,28.00,33.00,13200.00
110,14,peugeot 504 (sw),gas,std,four,wagon,rwd,front,114.20,198.90,68.40,58.70,3230.00,l,four,120.00,mpfi,3.46,3.19,8.40,97.00,5000.00,19.00,24.00,12440.00
111,14,peugeot 504,diesel,turbo,four,wagon,rwd,front,114.20,198.90,68.40,58.70,3430.00,l,four,152.00,idi,3.70,3.52,21.00,95.00,4150.00,25.00,25.00,13860.00
112,14,peugeot 504,gas,std,four,sedan,rwd,front,107.90,186.70,68.40,56.70,3075.00,l,four,120.00,mpfi,3.46,2.19,8.40,95.00,5000.00,19.00,24.00,15580.00
113,14,peugeot 604sl,diesel,turbo,four,sedan,rwd,front,107.90,186.70,68.40,56.70,3252.00,l,four,152.00,idi,3.70,3.52,21.00,95.00,4150.00,28.00,33.00,16900.00
114,14,peugeot 504,gas,std,four,wagon,rwd,front,114.20,198.90,68.40,56.70,3285.00,l,four,120.00,mpfi,3.46,2.19,8.40,95.00,5000.00,19.00,24.00,16695.00
115,14,peugeot 505s turbo diesel,diesel,turbo,four,wagon,rwd,front,114.20,198.90,68.40,58.70,3485.00,l,four,152.00,idi,3.70,3.52,21.00,95.00,4150.00,25.00,25.00,17075.00
116,14,peugeot 504,gas,std,four,sedan,rwd,front,107.90,186.70,68.40,56.70,3075.00,l,four,120.00,mpfi,3.46,3.19,8.40,97.00,5000.00,19.00,24.00,16630.00
117,14,peugeot 504,diesel,turbo,four,sedan,rwd,front,107.90,186.70,68.40,56.70,3252.00,l,four,152.00,idi,3.70,3.52,21.00,95.00,4150.00,28.00,33.00,17950.00
118,14,peugeot 604sl,gas,turbo,four,sedan,rwd,front,108.00,186.70,68.30,56.00,3130.00,l,four,134.00,mpfi,3.61,3.21,7.00,142.00,5600.00,18.00,24.00,18150.00
119,15,plymouth fury iii,gas,std,two,hatchback,fwd,front,93.70,157.30,63.80,50.80,1918.00,ohc,four,90.00,2bbl,2.97,3.23,9.40,68.00,5500.00,37.00,41.00,5572.00
120,15,plymouth cricket,gas,turbo,two,hatchback,fwd,front,93.70,157.30,63.80,50.80,2128.00,ohc,four,98.00,spdi,3.03,3.39,7.60,102.00,5500.00,24.00,30.00,7957.00
121,15,plymouth fury iii,gas,std,four,hatchback,fwd,front,93.70,157.30,63.80,50.60,1967.00,ohc,four,90.00,2bbl,2.97,3.23,9.40,68.00,5500.00,31.00,38.00,6229.00
122,15,plymouth satellite custom (sw),gas,std,four,sedan,fwd,front,93.70,167.30,63.80,50.80,1989.00,ohc,four,90.00,2bbl,2.97,3.23,9.40,68.00,5500.00,31.00,38.00,6692.00
123,15,plymouth fury gran sedan,gas,std,four,sedan,fwd,front,93.70,167.30,63.80,50.80,2191.00,ohc,four,98.00,2bbl,2.97,3.23,9.40,68.00,5500.00,31.00,38.00,7609.00
124,15,plymouth valiant,gas,std,four,wagon,fwd,front,103.30,174.60,64.60,59.80,2535.00,ohc,four,122.00,2bbl,3.35,3.46,8.50,88.00,5000.00,24.00,30.00,8921.00
125,15,plymouth duster,gas,turbo,two,hatchback,rwd,front,95.90,173.20,66.30,50.20,2818.00,ohc,four,156.00,spdi,3.59,3.86,7.00,145.00,5000.00,19.00,24.00,12764.00
126,16,porsche macan,gas,std,two,hatchback,rwd,front,94.50,168.90,68.30,50.20,2778.00,ohc,four,151.00,mpfi,3.94,3.11,9.50,143.00,5500.00,19.00,27.00,22018.00
127,16,porcshce panamera,gas,std,two,hardtop,rwd,rear,89.50,168.90,65.00,51.60,2756.00,ohcf,six,194.00,mpfi,3.74,2.90,9.50,207.00,5900.00,17.00,25.00,32528.00
128,16,porsche cayenne,gas,std,two,hardtop,rwd,rear,89.50,168.90,65.00,51.60,2756.00,ohcf,six,194.00,mpfi,3.74,2.90,9.50,207.00,5900.00,17.00,25.00,34028.00
129,16,porsche boxter,gas,std,two,convertible,rwd,rear,89.50,168.90,65.00,51.60,2800.00,ohcf,six,194.00,mpfi,3.74,2.90,9.50,207.00,5900.00,17.00,25.00,37028.00
130,16,porsche cayenne,gas,std,two,hatchback,rwd,front,98.40,175.70,72.30,50.50,3366.00,dohcv,eight,203.00,mpfi,3.94,3.11,10.00,288.00,5750.00,17.00,28.00,31400.50
131,17,renault 12tl,gas,std,four,wagon,fwd,front,96.10,181.50,66.50,55.20,2579.00,ohc,four,132.00,mpfi,3.46,3.90,8.70,90.00,5100.00,23.00,31.00,9295.00
132,17,renault 5 gtl,gas,std,two,hatchback,fwd,front,96.10,176.80,66.60,50.50,2460.00,ohc,four,132.00,mpfi,3.46,3.90,8.70,90.00,5100.00,23.00,31.00,9895.00
133,18,saab 99e,gas,std,two,hatchback,fwd,front,99.10,186.60,66.50,56.10,2658.00,ohc,four,121.00,mpfi,3.54,3.07,9.31,110.00,5250.00,21.00,28.00,11850.00
134,18,saab 99le,gas,std,four,sedan,fwd,front,99.10,186.60,66.50,56.10,2695.00,ohc,four,121.00,mpfi,3.54,3.07,9.30,110.00,5250.00,21.00,28.00,12170.00
135,18,saab 99le,gas,std,two,hatchback,fwd,front,99.10,186.60,66.50,56.10,2707.00,ohc,four,121.00,mpfi,2.54,2.07,9.30,110.00,5250.00,21.00,28.00,15040.00
136,18,saab 99gle,gas,std,four,sedan,fwd,front,99.10,186.60,66.50,56.10,2758.00,ohc,four,121.00,mpfi,3.54,3.07,9.30,110.00,5250.00,21.00,28.00,15510.00
137,18,saab 99gle,gas,turbo,two,hatchback,fwd,front,99.10,186.60,66.50,56.10,2808.00,dohc,four,121.00,mpfi,3.54,3.07,9.00,160.00,5500.00,19.00,26.00,18150.00
138,18,saab 99e,gas,turbo,four,sedan,fwd,front,99.10,186.60,66.50,56.10,2847.00,dohc,four,121.00,mpfi,3.54,3.07,9.00,160.00,5500.00,19.00,26.00,18620.00
139,19,subaru,gas,std,two,hatchback,fwd,front,93.70,156.90,63.40,53.70,2050.00,ohcf,four,97.00,2bbl,3.62,2.36,9.00,69.00,4900.00,31.00,36.00,5118.00
140,19,subaru dl,gas,std,two,hatchback,fwd,front,93.70,157.90,63.60,53.70,2120.00,ohcf,four,108.00,2bbl,3.62,2.64,8.70,73.00,4400.00,26.00,31.00,7053.00
141,19,subaru dl,gas,std,two,hatchback,4wd,front,93.30,157.30,63.80,55.70,2240.00,ohcf,four,108.00,2bbl,3.62,2.64,8.70,73.00,4400.00,26.00,31.00,7603.00
142,19,subaru,gas,std,four,sedan,fwd,front,97.20,172.00,65.40,52.50,2145.00,ohcf,four,108.00,2bbl,3.62,2.64,9.50,82.00,4800.00,32.00,37.00,7126.00
143,19,subaru brz,gas,std,four,sedan,fwd,front,97.20,172.00,65.40,52.50,2190.00,ohcf,four,108.00,2bbl,3.62,2.64,9.50,82.00,4400.00,28.00,33.00,7775.00
144,19,subaru baja,gas,std,four,sedan,fwd,front,97.20,172.00,65.40,52.50,2340.00,ohcf,four,108.00,mpfi,3.62,2.64,9.00,94.00,5200.00,26.00,32.00,9960.00
145,19,subaru r1,gas,std,four,sedan,4wd,front,97.00,172.00,65.40,54.30,2385.00,ohcf,four,108.00,2bbl,3.62,2.64,9.00,82.00,4800.00,24.00,25.00,9233.00
146,19,subaru r2,gas,turbo,four,sedan,4wd,front,97.00,172.00,65.40,54.30,2510.00,ohcf,four,108.00,mpfi,3.62,2.64,7.70,111.00,4800.00,24.00,29.00,11259.00
147,19,subaru trezia,gas,std,four,wagon,fwd,front,97.00,173.50,65.40,53.00,2290.00,ohcf,four,108.00,2bbl,3.62,2.64,9.00,82.00,4800.00,28.00,32.00,7463.00
148,19,subaru tribeca,gas,std,four,wagon,fwd,front,97.00,173.50,65.40,53.00,2455.00,ohcf,four,108.00,mpfi,3.62,2.64,9.00,94.00,5200.00,25.00,31.00,10198.00
149,19,subaru dl,gas,std,four,wagon,4wd,front,96.90,173.60,65.40,54.90,2420.00,ohcf,four,108.00,2bbl,3.62,2.64,9.00,82.00,4800.00,23.00,29.00,8013.00
150,19,subaru dl,gas,turbo,four,wagon,4wd,front,96.90,173.60,65.40,54.90,2650.00,ohcf,four,108.00,mpfi,3.62,2.64,7.70,111.00,4800.00,23.00,23.00,11694.00
151,20,toyota corona mark ii,gas,std,two,hatchback,fwd,front,95.70,158.70,63.60,54.50,1985.00,ohc,four,92.00,2bbl,3.05,3.03,9.00,62.00,4800.00,35.00,39.00,5348.00
152,20,toyota corona,gas,std,two,hatchback,fwd,front,95.70,158.70,63.60,54.50,2040.00,ohc,four,92.00,2bbl,3.05,3.03,9.00,62.00,4800.00,31.00,38.00,6338.00
153,20,toyota corolla 1200,gas,std,four,hatchback,fwd,front,95.70,158.70,63.60,54.50,2015.00,ohc,four,92.00,2bbl,3.05,3.03,9.00,62.00,4800.00,31.00,38.00,6488.00
154,20,toyota corona hardtop,gas,std,four,wagon,fwd,front,95.70,169.70,63.60,59.10,2280.00,ohc,four,92.00,2bbl,3.05,3.03,9.00,62.00,4800.00,31.00,37.00,6918.00
155,20,toyota corolla 1600 (sw),gas,std,four,wagon,4wd,front,95.70,169.70,63.60,59.10,2290.00,ohc,four,92.00,2bbl,3.05,3.03,9.00,62.00,4800.00,27.00,32.00,7898.00
156,20,toyota carina,gas,std,four,wagon,4wd,front,95.70,169.70,63.60,59.10,3110.00,ohc,four,92.00,2bbl,3.05,3.03,9.00,62.00,4800.00,27.00,32.00,8778.00
157,20,toyota mark ii,gas,std,four,sedan,fwd,front,95.70,166.30,64.40,53.00,2081.00,ohc,four,98.00,2bbl,3.19,3.03,9.00,70.00,4800.00,30.00,37.00,6938.00
158,20,toyota corolla 1200,gas,std,four,hatchback,fwd,front,95.70,166.30,64.40,52.80,2109.00,ohc,four,98.00,2bbl,3.19,3.03,9.00,70.00,4800.00,30.00,37.00,7198.00
159,20,toyota corona,diesel,std,four,sedan,fwd,front,95.70,166.30,64.40,53.00,2275.00,ohc,four,110.00,idi,3.27,3.35,22.50,56.00,4500.00,34.00,36.00,7898.00
160,20,toyota corolla,diesel,std,four,hatchback,fwd,front,95.70,166.30,64.40,52.80,2275.00,ohc,four,110.00,idi,3.27,3.35,22.50,56.00,4500.00,38.00,47.00,7788.00
161,20,toyota corona,gas,std,four,sedan,fwd,front,95.70,166.30,64.40,53.00,2094.00,ohc,four,98.00,2bbl,3.19,3.03,9.00,70.00,4800.00,38.00,47.00,7738.00
162,20,toyota corolla,gas,std,four,hatchback,fwd,front,95.70,166.30,64.40,52.80,2122.00,ohc,four,98.00,2bbl,3.19,3.03,9.00,70.00,4800.00,28.00,34.00,8358.00
163,20,toyota mark ii,gas,std,four,sedan,fwd,front,95.70,166.30,64.40,52.80,2140.00,ohc,four,98.00,2bbl,3.19,3.03,9.00,70.00,4800.00,28.00,34.00,9258.00
164,20,toyota corolla liftback,gas,std,two,sedan,rwd,front,94.50,168.70,64.00,52.60,2169.00,ohc,four,98.00,2bbl,3.19,3.03,9.00,70.00,4800.00,29.00,34.00,8058.00
165,20,toyota corona,gas,std,two,hatchback,rwd,front,94.50,168.70,64.00,52.60,2204.00,ohc,four,98.00,2bbl,3.19,3.03,9.00,70.00,4800.00,29.00,34.00,8238.00
166,20,toyota celica gt liftback,gas,std,two,sedan,rwd,front,94.50,168.70,64.00,52.60,2265.00,dohc,four,98.00,mpfi,3.24,3.08,9.40,112.00,6600.00,26.00,29.00,9298.00
167,20,toyota corolla tercel,gas,std,two,hatchback,rwd,front,94.50,168.70,64.00,52.60,2300.00,dohc,four,98.00,mpfi,3.24,3.08,9.40,112.00,6600.00,26.00,29.00,9538.00
168,20,toyota corona liftback,gas,std,two,hardtop,rwd,front,98.40,176.20,65.60,52.00,2540.00,ohc,four,146.00,mpfi,3.62,3.50,9.30,116.00,4800.00,24.00,30.00,8449.00
169,20,toyota corolla,gas,std,two,hardtop,rwd,front,98.40,176.20,65.60,52.00,2536.00,ohc,four,146.00,mpfi,3.62,3.50,9.30,116.00,4800.00,24.00,30.00,9639.00
170,20,toyota starlet,gas,std,two,hatchback,rwd,front,98.40,176.20,65.60,52.00,2551.00,ohc,four,146.00,mpfi,3.62,3.50,9.30,116.00,4800.00,24.00,30.00,9989.00
171,20,toyota tercel,gas,std,two,hardtop,rwd,front,98.40,176.20,65.60,52.00,2679.00,ohc,four,146.00,mpfi,3.62,3.50,9.30,116.00,4800.00,24.00,30.00,11199.00
172,20,toyota corolla,gas,std,two,hatchback,rwd,front,98.40,176.20,65.60,52.00,2714.00,ohc,four,146.00,mpfi,3.62,3.50,9.30,116.00,4800.00,24.00,30.00,11549.00
173,20,toyota cressida,gas,std,two,convertible,rwd,front,98.40,176.20,65.60,53.00,2975.00,ohc,four,146.00,mpfi,3.62,3.50,9.30,116.00,4800.00,24.00,30.00,17669.00
174,20,toyota corolla,gas,std,four,sedan,fwd,front,102.40,175.60,66.50,54.90,2326.00,ohc,four,122.00,mpfi,3.31,3.54,8.70,92.00,4200.00,29.00,34.00,8948.00
175,20,toyota celica gt,diesel,turbo,four,sedan,fwd,front,102.40,175.60,66.50,54.90,2480.00,ohc,four,110.00,idi,3.27,3.35,22.50,73.00,4500.00,30.00,33.00,10698.00
176,20,toyota corona,gas,std,four,hatchback,fwd,front,102.40,175.60,66.50,53.90,2414.00,ohc,four,122.00,mpfi,3.31,3.54,8.70,92.00,4200.00,27.00,32.00,9988.00
177,20,toyota corolla,gas,std,four,sedan,fwd,front,102.40,175.60,66.50,54.90,2414.00,ohc,four,122.00,mpfi,3.31,3.54,8.70,92.00,4200.00,27.00,32.00,10898.00
178,20,toyota mark ii,gas,std,four,hatchback,fwd,front,102.40,175.60,66.50,53.90,2458.00,ohc,four,122.00,mpfi,3.31,3.54,8.70,92.00,4200.00,27.00,32.00,11248.00
179,20,toyota corolla liftback,gas,std,two,hatchback,rwd,front,102.90,183.50,67.70,52.00,2976.00,dohc,six,171.00,mpfi,3.27,3.35,9.30,161.00,5200.00,20.00,24.00,16558.00
180,20,toyota corona,gas,std,two,hatchback,rwd,front,102.90,183.50,67.70,52.00,3016.00,dohc,six,171.00,mpfi,3.27,3.35,9.30,161.00,5200.00,19.00,24.00,15998.00
181,20,toyota starlet,gas,std,four,sedan,rwd,front,104.50,187.80,66.50,54.10,3131.00,dohc,six,171.00,mpfi,3.27,3.35,9.20,156.00,5200.00,20.00,24.00,15690.00
182,20,toyouta tercel,gas,std,four,wagon,rwd,front,104.50,187.80,66.50,54.10,3151.00,dohc,six,161.00,mpfi,3.27,3.35,9.20,156.00,5200.00,19.00,24.00,15750.00
183,21,vokswagen rabbit,diesel,std,two,sedan,fwd,front,97.30,171.70,65.50,55.70,2261.00,ohc,four,97.00,idi,3.01,3.40,23.00,52.00,4800.00,37.00,46.00,7775.00
184,21,volkswagen 1131 deluxe sedan,gas,std,two,sedan,fwd,front,97.30,171.70,65.50,55.70,2209.00,ohc,four,109.00,mpfi,3.19,3.40,9.00,85.00,5250.00,27.00,34.00,7975.00
185,21,volkswagen model 111,diesel,std,four,sedan,fwd,front,97.30,171.70,65.50,55.70,2264.00,ohc,four,97.00,idi,3.01,3.40,23.00,52.00,4800.00,37.00,46.00,7995.00
186,21,volkswagen type 3,gas,std,four,sedan,fwd,front,97.30,171.70,65.50,55.70,2212.00,ohc,four,109.00,mpfi,3.19,3.40,9.00,85.00,5250.00,27.00,34.00,8195.00
187,21,volkswagen 411 (sw),gas,std,four,sedan,fwd,front,97.30,171.70,65.50,55.70,2275.00,ohc,four,109.00,mpfi,3.19,3.40,9.00,85.00,5250.00,27.00,34.00,8495.00
188,21,volkswagen super beetle,diesel,turbo,four,sedan,fwd,front,97.30,171.70,65.50,55.70,2319.00,ohc,four,97.00,idi,3.01,3.40,23.00,68.00,4500.00,37.00,42.00,9495.00
189,21,volkswagen dasher,gas,std,four,sedan,fwd,front,97.30,171.70,65.50,55.70,2300.00,ohc,four,109.00,mpfi,3.19,3.40,10.00,100.00,5500.00,26.00,32.00,9995.00
190,21,vw dasher,gas,std,two,convertible,fwd,front,94.50,159.30,64.20,55.60,2254.00,ohc,four,109.00,mpfi,3.19,3.40,8.50,90.00,5500.00,24.00,29.00,11595.00
191,21,vw rabbit,gas,std,two,hatchback,fwd,front,94.50,165.70,64.00,51.40,2221.00,ohc,four,109.00,mpfi,3.19,3.40,8.50,90.00,5500.00,24.00,29.00,9980.00
192,21,volkswagen rabbit,gas,std,four,sedan,fwd,front,100.40,180.20,66.90,55.10,2661.00,ohc,five,136.00,mpfi,3.19,3.40,8.50,110.00,5500.00,19.00,24.00,13295.00
193,21,volkswagen rabbit custom,diesel,turbo,four,sedan,fwd,front,100.40,180.20,66.90,55.10,2579.00,ohc,four,97.00,idi,3.01,3.40,23.00,68.00,4500.00,33.00,38.00,13845.00
194,21,volkswagen dasher,gas,std,four,wagon,fwd,front,100.40,183.10,66.90,55.10,2563.00,ohc,four,109.00,mpfi,3.19,3.40,9.00,88.00,5500.00,25.00,31.00,12290.00
195,22,volvo 145e (sw),gas,std,four,sedan,rwd,front,104.30,188.80,67.20,56.20,2912.00,ohc,four,141.00,mpfi,3.78,3.15,9.50,114.00,5400.00,23.00,28.00,12940.00
196,22,volvo 144ea,gas,std,four,wagon,rwd,front,104.30,188.80,67.20,57.50,3034.00,ohc,four,141.00,mpfi,3.78,3.15,9.50,114.00,5400.00,23.00,28.00,13415.00
197,22,volvo 244dl,gas,std,four,sedan,rwd,front,104.30,188.80,67.20,56.20,2935.00,ohc,four,141.00,mpfi,3.78,3.15,9.50,114.00,5400.00,24.00,28.00,15985.00
198,22,volvo 245,gas,std,four,wagon,rwd,front,104.30,188.80,67.20,57.50,3042.00,ohc,four,141.00,mpfi,3.78,3.15,9.50,114.00,5400.00,24.00,28.00,16515.00
199,22,volvo 264gl,gas,turbo,four,sedan,rwd,front,104.30,188.80,67.20,56.20,3045.00,ohc,four,130.00,mpfi,3.62,3.15,7.50,162.00,5100.00,17.00,22.00,18420.00
200,22,volvo diesel,gas,turbo,four,wagon,rwd,front,104.30,188.80,67.20,57.50,3157.00,ohc,four,130.00,mpfi,3.62,3.15,7.50,162.00,5100.00,17.00,22.00,18950.00
201,22,volvo 145e (sw),gas,std,four,sedan,rwd,front,109.10,188.80,68.90,55.50,2952.00,ohc,four,141.00,mpfi,3.78,3.15,9.50,114.00,5400.00,23.00,28.00,16845.00
202,22,volvo 144ea,gas,turbo,four,sedan,rwd,front,109.10,188.80,68.80,55.50,3049.00,ohc,four,141.00,mpfi,3.78,3.15,8.70,160.00,5300.00,19.00,25.00,19045.00
203,22,volvo 244dl,gas,std,four,sedan,rwd,front,109.10,188.80,68.90,55.50,3012.00,ohcv,six,173.00,mpfi,3.58,2.87,8.80,134.00,5500.00,18.00,23.00,21485.00
204,22,volvo 246,diesel,turbo,four,sedan,rwd,front,109.10,188.80,68.90,55.50,3217.00,ohc,six,145.00,idi,3.01,3.40,23.00,106.00,4800.00,26.00,27.00,22470.00
205,22,volvo 264gl,gas,turbo,four,sedan,rwd,front,109.10,188.80,68.90,55.50,3062.00,ohc,four,141.00,mpfi,3.78,3.15,9.50,114.00,5400.00,19.00,25.00,22625.00
